,Aggr,BA_Shapes-acc,BA_Shapes-completion,BA_Community-acc,BA_Community-completion,Tree_Cycle-acc,Tree_Cycle-completion,Cora-acc,Cora-completion
0,add,0.4375,0.5138888888888888,0.643598615916955,0.629757785467128,0.6111111111111112,0.6888888888888889,0.8802946593001841,0.852670349907919
1,mean,0.9652777777777778,0.9375,0.7612456747404844,0.36678200692041524,0.9944444444444445,1.0,0.8434622467771639,0.6574585635359116
2,max,0.9305555555555556,0.9097222222222222,0.5778546712802768,0.5501730103806228,1.0,0.9666666666666667,0.7790055248618785,0.6464088397790055
3,min,0.9930555555555556,0.9375,0.1903114186851211,0.1903114186851211,0.9444444444444444,0.9388888888888889,0.6961325966850829,0.6279926335174953
4,multi,0.9722222222222222,0.9444444444444444,0.8442906574394463,0.7093425605536332,1.0,1.0,0.8471454880294659,0.7900552486187845
