,Aggr,BA_Shapes-acc,BA_Shapes-completion,BA_Community-acc,BA_Community-completion,Tree_Cycle-acc,Tree_Cycle-completion,Cora-acc,Cora-completion
0,add,0.9027777777777778,0.6458333333333334,0.7162629757785467,0.5882352941176471,0.9722222222222222,0.85,0.8637200736648251,0.6040515653775322
1,multi,1.0,0.6458333333333334,0.916955017301038,0.5709342560553633,1.0,0.9722222222222222,0.8729281767955801,0.7348066298342542
